PC,FA,SC,FAGG,CAGG,WATER,AEA,WR_HR,WR,ACC,pred_7day,pred_28day,pred_56day,gwp
146.49,41.26,256.7,664.88,1001.31,147.55,1.88,5.25,68.37,4.97,56.97,75.32,73.21,240.26
146.49,41.26,256.7,664.88,1000.95,147.55,1.88,5.25,68.47,4.97,56.97,75.32,73.21,240.26
97.31,0.03,33.34,484.3,407.53,91.86,0.58,73.33,76.92,443.65,33.77,44.5,48.92,113.56
108.38,34.6,304.48,664.89,1002.53,148.83,2.91,6.54,63.75,2.83,56.14,74.61,71.45,210.75
138.56,41.26,256.7,664.89,1000.95,147.55,1.88,5.25,88.79,1.04,56.65,74.74,72.67,231.95
97.76,40.99,264.2,666.68,1002.59,136.17,0.67,4.65,64.74,22.07,53.41,68.13,68.36,191.09
97.62,11.94,265.83,667.48,1010.68,118.2,0.73,0.2,68.14,430.31,52.15,67.78,65.2,181.88
138.75,45.01,256.71,664.86,1000.94,146.86,1.88,6.47,73.59,4.38,56.91,75.02,73.3,233.38
108.38,25.98,304.48,664.89,1002.53,148.83,2.91,6.54,63.75,3.03,56.4,74.25,70.71,207.92
97.63,0.04,33.04,577.43,406.12,92.82,0.21,72.75,111.21,440.08,34.87,46.02,49.94,114.06
97.76,2.85,224.63,570.97,933.69,101.82,0.64,4.5,76.87,351.79,47.28,62.09,61.99,167.63
97.33,1.48,220.69,566.34,888.16,101.76,0.64,6.55,107.44,352.07,47.15,61.02,62.97,165.51
101.97,48.97,281.43,669.02,1012.73,146.85,1.74,6.46,90.23,0.99,56.2,74.0,70.79,202.71
97.57,2.58,188.19,672.7,1016.58,92.71,0.68,4.56,76.68,366.73,47.43,60.54,61.7,158.29
99.36,41.25,281.42,664.59,1000.94,140.95,0.74,5.48,63.88,0.56,56.69,71.33,71.29,197.39
97.63,0.26,65.63,573.64,487.17,92.43,0.21,72.75,119.61,347.31,38.0,50.63,53.79,123.02
99.52,41.25,281.42,664.59,1000.94,140.95,2.0,5.48,68.4,5.74,56.22,72.41,71.08,197.55
97.73,2.91,241.65,671.82,1009.91,116.94,0.76,6.23,74.68,428.84,48.48,62.18,64.03,172.65
97.78,40.85,266.74,666.68,1002.59,136.02,0.68,4.69,64.74,22.07,53.17,68.69,68.25,191.73
97.6,1.28,180.54,668.53,1004.63,93.86,0.54,4.68,73.84,447.3,46.06,58.96,61.06,155.82
97.64,0.03,109.43,568.12,485.28,115.99,0.71,75.13,110.63,425.41,39.95,55.06,55.42,134.5
97.63,0.27,59.85,573.64,487.17,92.93,0.21,72.5,119.46,345.72,37.4,49.52,52.53,121.5
97.63,10.08,264.61,667.56,1010.69,118.29,0.73,0.31,67.8,444.39,52.21,67.11,64.9,180.95
97.61,3.69,163.93,683.28,904.09,92.63,0.68,4.83,76.69,377.98,44.06,58.59,60.13,151.9
97.64,16.18,80.61,668.28,974.37,92.91,1.07,74.69,97.36,371.77,39.79,54.38,57.65,134.26
98.35,4.55,259.08,669.26,1004.73,116.38,0.72,5.23,74.51,436.97,50.56,66.91,65.11,178.42
97.64,3.07,255.43,666.73,973.87,113.68,0.73,7.42,73.68,336.79,47.82,63.77,64.65,176.1
97.62,28.03,127.05,695.44,1005.72,92.73,0.73,4.82,76.59,403.96,43.88,57.68,59.66,150.57
97.63,0.02,56.74,577.43,477.18,92.82,0.18,72.87,119.35,440.08,37.72,48.93,52.15,120.57
97.83,0.0,127.46,682.74,1013.3,93.58,0.74,74.97,107.89,380.74,43.72,56.41,57.05,141.7
97.32,0.02,33.88,516.48,401.94,92.7,0.65,72.72,75.57,401.14,34.44,45.28,50.22,113.77
97.63,5.55,59.53,573.45,401.24,92.82,0.21,74.42,110.51,389.92,37.64,50.26,53.65,122.83
97.63,0.25,65.65,578.11,474.87,93.03,0.21,74.55,104.58,438.08,37.4,50.52,53.87,122.99
97.61,1.28,180.54,668.53,1004.23,93.86,0.74,2.67,107.48,435.3,46.92,59.74,61.66,155.83
97.64,17.87,67.78,693.7,1006.1,93.05,0.73,71.97,91.59,372.33,40.74,54.35,57.29,131.61
97.61,0.0,127.46,682.57,1013.3,93.58,0.74,74.18,107.89,380.68,43.12,56.01,57.01,141.47
97.61,18.77,122.42,668.8,1004.73,92.45,0.74,2.45,75.22,429.41,43.11,56.95,58.83,146.23
97.77,17.87,64.89,668.2,1005.81,92.81,0.67,72.29,73.05,440.38,39.87,53.96,57.25,130.91
97.75,3.12,247.27,671.85,1012.79,116.41,0.68,4.62,70.97,428.82,49.22,63.6,64.65,174.24
98.22,6.8,69.24,668.0,986.11,93.72,0.68,70.57,102.19,395.73,39.64,53.83,56.74,128.83
100.12,43.24,279.39,664.82,1000.82,142.87,1.95,6.41,72.54,1.58,56.21,72.77,71.1,198.3
97.62,19.43,126.76,681.63,1018.42,92.72,0.67,7.39,63.73,423.68,45.09,57.56,59.27,147.68
97.86,5.43,38.24,569.67,497.89,93.57,0.13,72.41,109.25,427.06,35.87,48.24,52.23,117.76
97.78,4.27,255.43,674.18,973.87,116.41,0.73,0.17,70.83,427.26,50.18,65.92,65.18,176.66
97.31,1.53,225.25,577.03,887.99,103.62,0.73,5.38,64.83,423.0,47.63,61.57,63.11,166.73
97.62,4.0,67.34,654.52,948.65,92.6,0.74,72.8,79.12,346.8,39.59,53.11,56.68,126.61
98.35,4.55,243.18,669.26,1004.73,116.73,0.67,5.23,74.64,436.97,48.63,63.07,64.46,174.22
108.4,31.97,304.48,666.66,1004.43,148.83,2.92,6.49,103.84,1.74,56.93,74.48,71.13,209.92
97.64,0.26,72.0,568.19,487.17,92.43,0.21,72.75,120.17,345.4,38.07,50.68,54.65,124.7
97.64,0.03,40.1,668.21,483.63,93.59,0.13,70.67,110.65,370.31,35.46,47.9,51.81,116.45
97.62,33.62,281.28,651.47,993.33,139.72,1.55,4.05,65.13,42.99,54.19,69.59,67.68,192.96
97.8,0.39,107.96,669.37,1002.53,115.91,0.73,7.35,64.3,356.76,39.88,55.65,57.1,136.57
97.62,19.43,123.19,681.92,999.31,92.45,0.65,5.27,75.39,374.88,43.95,57.38,58.62,146.67
97.7,0.38,247.24,667.9,996.42,117.74,0.65,6.89,67.74,352.52,48.45,62.79,64.42,173.21
97.78,0.6,116.75,667.87,1004.22,117.73,0.73,6.22,64.29,436.95,40.01,55.86,57.94,138.94
99.55,36.71,281.97,664.88,1002.58,142.68,1.67,2.44,68.58,1.24,54.56,71.02,71.12,196.25
101.99,47.55,278.1,671.94,1017.72,145.0,1.7,5.52,74.08,0.99,57.06,73.18,70.36,201.41
97.78,4.26,255.43,666.58,973.87,111.94,0.72,6.4,73.68,435.5,48.45,65.45,64.83,176.64
97.78,4.26,255.43,663.14,973.87,112.16,0.75,2.01,72.14,434.29,48.71,65.02,64.44,176.63
97.62,10.72,265.61,667.56,1010.69,116.82,0.73,0.41,68.14,445.03,52.15,67.63,65.04,181.42
98.22,5.54,61.89,570.79,594.14,93.73,0.68,72.62,108.32,423.69,38.87,52.36,55.11,124.77
98.23,5.53,61.89,570.79,903.03,94.29,0.68,71.44,108.1,425.09,41.33,52.42,55.44,125.92
97.72,8.54,127.05,667.82,1011.98,92.92,0.73,5.0,76.59,407.83,43.15,56.64,58.39,144.23
97.63,0.03,32.76,573.64,511.35,92.44,0.74,74.14,107.5,374.64,35.68,47.2,50.83,114.36
97.63,0.53,58.3,573.64,487.17,92.7,0.21,74.2,111.42,407.77,37.3,49.21,52.39,121.18
97.67,6.61,68.39,654.74,955.96,96.12,0.49,74.54,101.66,427.8,39.65,53.56,56.57,127.82
97.64,4.55,259.08,669.26,1005.5,116.38,0.73,5.23,74.51,436.97,50.9,66.31,64.88,177.68
97.58,0.56,185.42,668.09,1004.24,95.81,0.64,0.43,63.78,420.69,47.61,59.96,61.69,156.85
97.32,0.17,33.36,516.48,401.94,92.7,0.58,72.72,76.94,403.42,34.32,44.62,49.36,113.68
97.67,33.61,283.04,651.47,996.39,139.72,1.65,4.65,65.13,42.99,54.42,70.18,67.93,193.49
97.62,27.94,127.05,666.8,1005.6,92.92,0.73,5.0,76.59,407.83,44.14,57.59,59.71,150.47
97.84,2.36,112.55,668.25,1002.59,115.91,0.74,6.22,63.99,378.9,39.95,55.78,57.81,138.47
97.73,4.55,259.08,669.49,1004.3,116.38,0.72,5.23,74.51,380.43,50.18,66.5,64.83,177.77
97.72,8.94,127.05,682.61,1002.54,92.95,0.73,5.0,76.59,404.43,43.17,56.73,58.26,144.37
99.04,36.71,281.97,663.37,999.88,142.68,1.67,2.44,68.47,1.24,54.68,70.8,68.88,195.7
97.63,3.41,255.43,677.98,972.21,112.96,0.73,0.0,111.41,427.22,48.58,64.49,64.85,176.23
99.1,36.06,281.3,652.65,996.38,139.57,1.67,4.64,66.76,42.72,54.79,70.19,67.92,195.33
97.7,0.38,247.24,667.9,933.91,117.74,0.65,6.89,66.04,358.25,47.97,62.41,64.37,172.98
97.64,0.03,41.34,515.87,483.63,93.54,0.13,70.75,110.65,427.81,35.62,47.57,51.43,116.38
97.58,1.08,187.66,668.53,1004.23,92.26,0.67,6.74,74.7,435.17,47.37,60.19,61.61,157.61
97.32,0.02,33.88,516.48,401.94,92.7,0.65,72.72,75.57,401.14,34.44,45.28,50.22,113.77
97.76,39.51,266.74,666.68,1002.59,136.02,0.67,4.65,64.74,22.07,53.19,68.49,68.25,191.27
97.7,34.33,281.28,651.47,996.39,139.72,1.65,4.65,65.13,42.99,54.14,69.86,67.67,193.29
102.15,46.95,281.42,664.84,999.51,146.84,1.69,5.38,92.36,0.23,56.11,73.68,71.09,202.17
97.62,4.0,67.41,654.91,948.65,92.6,0.74,74.59,105.44,437.59,39.91,53.41,56.68,126.63
97.64,0.03,35.25,568.34,485.28,93.53,0.14,74.52,110.6,425.41,35.77,47.53,51.34,114.92
99.04,36.06,281.99,653.25,1000.27,139.16,1.67,4.44,66.88,1.77,54.53,70.45,68.37,195.47
97.64,3.87,165.84,681.91,903.7,92.69,0.19,4.83,63.59,396.35,43.56,58.64,60.07,152.49
101.97,48.97,278.1,671.61,1010.63,145.0,1.7,5.6,73.75,0.99,57.28,73.5,71.63,201.83
102.06,42.49,281.58,663.63,1000.82,141.33,1.7,3.71,73.61,1.03,56.77,72.79,71.64,200.66
97.33,1.48,220.69,566.34,888.16,101.76,0.64,6.55,107.45,352.07,47.15,61.02,62.97,165.51
138.75,41.73,256.71,664.86,1000.94,146.87,1.88,6.5,73.68,4.38,56.88,74.9,72.85,232.3
97.78,3.41,255.43,674.15,976.18,112.47,0.73,0.31,74.7,427.17,48.51,64.61,65.03,176.39
97.64,0.34,106.63,668.25,1002.77,115.91,0.73,7.35,63.87,337.84,39.87,55.4,56.98,136.04
102.31,43.13,280.67,663.63,1000.82,141.33,1.68,6.57,71.96,1.03,56.61,72.82,71.62,200.89
97.62,33.62,281.28,651.47,993.33,139.72,1.65,4.05,65.13,42.99,54.14,69.59,67.67,192.96
97.57,2.52,188.19,667.59,1017.74,92.73,0.68,4.56,109.33,366.73,47.22,60.35,60.87,158.26
97.63,4.0,67.41,654.91,948.65,93.5,0.65,74.59,108.15,437.59,40.48,53.5,56.47,126.64
